firstName,lastName,phone,email,educationStatus,originalStudyYear,event
Odelle,Gonthier,804-198-7362,ogonthier0@vkontakte.ru,VA,1,Virginia
Janos,Whipp,208-532-1165,jwhipp1@seattletimes.com,ID,2,Idaho
Douglass,Oleksiak,407-676-6503,doleksiak2@wiley.com,FL,3,Florida
Gerhardt,Ocklin,918-709-2630,gocklin3@indiatimes.com,OK,4,Oklahoma
Beale,Holtaway,915-166-4968,bholtaway4@arstechnica.com,TX,5,Texas
Bell,Proppers,952-653-3469,bproppers5@kickstarter.com,MN,6,Minnesota
Min,Christoforou,202-921-1573,mchristoforou6@zimbio.com,DC,7,District of Columbia
Nataniel,Maddra,772-766-7431,nmaddra7@google.cn,FL,8,Florida
Hadlee,Jindrich,516-586-8899,hjindrich8@pcworld.com,NY,9,New York
Elfrieda,Waller,205-991-6662,ewaller9@cam.ac.uk,AL,10,Alabama
Giorgia,Tregidgo,413-110-8253,gtregidgoa@upenn.edu,MA,11,Massachusetts
Ardys,Chaytor,618-450-3581,achaytorb@msn.com,IL,12,Illinois
Antin,Blazejewski,202-818-5882,ablazejewskic@omniture.com,DC,13,District of Columbia
Lenette,Edinborough,860-544-8842,ledinboroughd@jugem.jp,CT,14,Connecticut
Janean,Pladen,727-699-5511,jpladene@stumbleupon.com,FL,15,Florida
Zaneta,Paulich,713-247-9955,zpaulichf@upenn.edu,TX,16,Texas
Linnell,Smoth,757-420-5130,lsmothg@facebook.com,VA,17,Virginia
Caresa,Guerrero,218-220-4464,cguerreroh@ibm.com,MN,18,Minnesota
Linc,Velasquez,314-308-6840,lvelasquezi@tumblr.com,MO,19,Missouri
Dosi,Derham,254-652-6907,dderhamj@parallels.com,TX,20,Texas
Kimberlyn,Hakeworth,850-646-8275,khakeworthk@elpais.com,FL,21,Florida
Ekaterina,Heart,210-602-7886,eheartl@altervista.org,TX,22,Texas
Hernando,Sutton,915-195-0351,hsuttonm@sfgate.com,TX,23,Texas
Barbie,Epgrave,602-831-1794,bepgraven@networkadvertising.org,AZ,24,Arizona
Madelene,Dunnet,415-419-0179,mdunneto@google.cn,CA,25,California
Emmy,Cline,662-620-8294,eclinep@ycombinator.com,MS,26,Mississippi
Bar,Eilhertsen,813-499-3707,beilhertsenq@jimdo.com,FL,27,Florida
Stephan,Fairman,702-202-4929,sfairmanr@live.com,NV,28,Nevada
Gracia,Gawkes,971-136-8257,ggawkess@yale.edu,OR,29,Oregon
Freida,Jurasek,702-771-1964,fjurasekt@fema.gov,NV,30,Nevada
Rivy,Tender,512-913-2148,rtenderu@wsj.com,TX,31,Texas
Cirilo,Stukings,217-939-0166,cstukingsv@microsoft.com,IL,32,Illinois
Othilie,Oliphard,208-794-3727,ooliphardw@auda.org.au,ID,33,Idaho
Judi,Dyne,512-471-1625,jdynex@over-blog.com,TX,34,Texas
Kelly,Trippitt,562-260-0540,ktrippitty@hc360.com,CA,35,California
Kimball,Knights,214-261-7744,kknightsz@cmu.edu,TX,36,Texas
Alaric,Speddin,216-573-1609,aspeddin10@unc.edu,OH,37,Ohio
Nora,Perfect,440-497-6093,nperfect11@zdnet.com,OH,38,Ohio
Townsend,Tuny,502-901-8640,ttuny12@buzzfeed.com,KY,39,Kentucky
Guinna,Swigger,804-884-6388,gswigger13@vinaora.com,VA,40,Virginia
Olia,Bampford,616-734-4532,obampford14@yale.edu,MI,41,Michigan
Petronia,Ivanshintsev,707-545-3671,pivanshintsev15@wp.com,CA,42,California
Christopher,Perris,701-248-2212,cperris16@newsvine.com,ND,43,North Dakota
Fiann,Brogioni,404-568-4469,fbrogioni17@ovh.net,GA,44,Georgia
Mara,Paviour,617-467-8865,mpaviour18@homestead.com,MA,45,Massachusetts
Patience,Bloxham,509-280-7655,pbloxham19@google.com.au,WA,46,Washington
Celinka,Trowbridge,559-476-6949,ctrowbridge1a@twitter.com,CA,47,California
Fabio,Mulrean,309-922-9701,fmulrean1b@acquirethisname.com,IL,48,Illinois
Donnajean,Maryin,818-380-9060,dmaryin1c@ocn.ne.jp,CA,49,California
Jorge,Husk,619-580-1084,jhusk1d@foxnews.com,CA,50,California
Xerxes,Wakeman,202-544-6685,xwakeman1e@techcrunch.com,DC,51,District of Columbia
Ferdinande,Krysiak,517-221-3051,fkrysiak1f@pinterest.com,MI,52,Michigan
Augy,Bouda,707-981-7005,abouda1g@sitemeter.com,CA,53,California
Skipper,O'Giany,269-618-2281,sogiany1h@redcross.org,MI,54,Michigan
Anastasie,O'Feeny,213-650-8386,aofeeny1i@macromedia.com,CA,55,California
Nikki,Peachman,412-520-6223,npeachman1j@theglobeandmail.com,PA,56,Pennsylvania
Fin,Pentercost,210-769-3649,fpentercost1k@printfriendly.com,TX,57,Texas
Avram,Guenther,817-724-5206,aguenther1l@psu.edu,TX,58,Texas
Lissy,Vannacci,843-430-9464,lvannacci1m@meetup.com,SC,59,South Carolina
Woodrow,Prujean,602-134-8188,wprujean1n@a8.net,AZ,60,Arizona
Ardelis,Lutas,858-791-7229,alutas1o@ftc.gov,CA,61,California
Hildegarde,Bundey,228-245-1811,hbundey1p@myspace.com,MS,62,Mississippi
Walton,Zolini,304-686-5817,wzolini1q@free.fr,WV,63,West Virginia
Mohandas,Dorgon,786-984-8210,mdorgon1r@netvibes.com,FL,64,Florida
Maybelle,Gaines,650-802-4129,mgaines1s@feedburner.com,CA,65,California
Sophronia,Mockler,412-533-8885,smockler1t@princeton.edu,PA,66,Pennsylvania
Lindy,Farn,813-401-8204,lfarn1u@who.int,FL,67,Florida
Luce,Stockin,412-478-9936,lstockin1v@flickr.com,PA,68,Pennsylvania
Salvatore,Vyvyan,775-203-9024,svyvyan1w@nhs.uk,NV,69,Nevada
Nonah,Phizackarley,213-210-7801,nphizackarley1x@illinois.edu,CA,70,California
Salaidh,Gallally,805-563-4165,sgallally1y@livejournal.com,CA,71,California
Augustine,Welbelove,916-364-6526,awelbelove1z@creativecommons.org,CA,72,California
Ryun,Bartolozzi,202-624-9368,rbartolozzi20@yolasite.com,DC,73,District of Columbia
Dame,Vankin,305-910-4706,dvankin21@seattletimes.com,FL,74,Florida
Cosimo,Springle,318-697-4493,cspringle22@hatena.ne.jp,LA,75,Louisiana
Margie,Frackiewicz,816-502-9606,mfrackiewicz23@blogger.com,MO,76,Missouri
Giorgi,Iwaszkiewicz,937-997-5643,giwaszkiewicz24@sohu.com,OH,77,Ohio
Garvy,Billitteri,407-795-7315,gbillitteri25@house.gov,FL,78,Florida
Lissy,Bertin,916-619-2253,lbertin26@sciencedaily.com,CA,79,California
Juliane,Clemits,913-392-7414,jclemits27@networksolutions.com,KS,80,Kansas
Gratiana,Deviney,951-871-9874,gdeviney28@wunderground.com,CA,81,California
Fonsie,Gudgion,202-452-0793,fgudgion29@instagram.com,DC,82,District of Columbia
Tanner,Bouzan,915-155-0374,tbouzan2a@google.ca,TX,83,Texas
Mellie,Suffe,202-987-5307,msuffe2b@squidoo.com,DC,84,District of Columbia
Nicolai,Perche,316-229-2146,nperche2c@topsy.com,KS,85,Kansas
Correy,Prott,816-921-7314,cprott2d@geocities.com,MO,86,Missouri
Costa,Grindrod,916-704-0945,cgrindrod2e@narod.ru,CA,87,California
Emera,Fernyhough,706-145-9076,efernyhough2f@dion.ne.jp,GA,88,Georgia
Bobine,Heaney,404-199-5692,bheaney2g@apache.org,GA,89,Georgia
Elbertine,Alliott,864-624-3613,ealliott2h@apache.org,SC,90,South Carolina
Osbourn,Lamprecht,202-706-2440,olamprecht2i@sourceforge.net,DC,91,District of Columbia
Fifine,Stolle,757-756-1239,fstolle2j@upenn.edu,VA,92,Virginia
Gabie,Wicken,540-186-8659,gwicken2k@xing.com,VA,93,Virginia
Glenda,Panner,970-374-2561,gpanner2l@tumblr.com,CO,94,Colorado
Granny,Foden,509-609-1630,gfoden2m@state.gov,WA,95,Washington
Lorinda,Fice,702-840-5028,lfice2n@independent.co.uk,NV,96,Nevada
Nesta,Tiffany,850-982-5614,ntiffany2o@xing.com,FL,97,Florida
Dillie,Marley,516-754-4056,dmarley2p@uol.com.br,NY,98,New York
Johnath,Allabarton,413-308-1450,jallabarton2q@mail.ru,MA,99,Massachusetts
Pattie,Maro,605-777-2066,pmaro2r@yahoo.com,SD,100,South Dakota
Geri,Johnston,817-641-0501,gjohnston2s@sakura.ne.jp,TX,101,Texas
Selinda,Gidden,603-222-9254,sgidden2t@stumbleupon.com,NH,102,New Hampshire
Alma,Job,808-871-7741,ajob2u@xrea.com,HI,103,Hawaii
Andreas,Celler,973-650-4122,aceller2v@walmart.com,NJ,104,New Jersey
Luke,Aubin,318-990-7266,laubin2w@cloudflare.com,LA,105,Louisiana
Nedda,Benyon,727-141-0987,nbenyon2x@statcounter.com,FL,106,Florida
Donica,Freckleton,650-606-0456,dfreckleton2y@com.com,CA,107,California
Reagan,Llorente,412-863-5750,rllorente2z@pagesperso-orange.fr,PA,108,Pennsylvania
Seana,McNaught,914-208-5565,smcnaught30@bigcartel.com,NY,109,New York
Eberhard,Exter,864-190-6783,eexter31@ow.ly,SC,110,South Carolina
Neel,Teck,910-796-9308,nteck32@statcounter.com,NC,111,North Carolina
Armando,Tivenan,325-649-8033,ativenan33@home.pl,TX,112,Texas
Devlin,Langwade,918-489-2548,dlangwade34@merriam-webster.com,OK,113,Oklahoma
Pryce,Woodfin,502-919-9597,pwoodfin35@smh.com.au,KY,114,Kentucky
Becka,Bebbell,319-219-6533,bbebbell36@webnode.com,IA,115,Iowa
Milissent,Dodimead,816-130-9275,mdodimead37@yolasite.com,MO,116,Missouri
Hewitt,Fazackerley,907-683-7265,hfazackerley38@wisc.edu,AK,117,Alaska
Conrade,Schrader,714-841-8473,cschrader39@nydailynews.com,CA,118,California
Bren,Laughnan,571-378-6232,blaughnan3a@unc.edu,VA,119,Virginia
Blaire,Brearley,646-255-0775,bbrearley3b@nymag.com,NY,120,New York
Corbet,McGinn,623-796-5566,cmcginn3c@state.gov,AZ,121,Arizona
Hulda,O'Lenechan,918-372-7105,holenechan3d@blogger.com,OK,122,Oklahoma
Judah,Vaney,404-427-2980,jvaney3e@mtv.com,GA,123,Georgia
Vanya,Salkild,806-114-5768,vsalkild3f@unicef.org,TX,124,Texas
Appolonia,Berling,661-683-4837,aberling3g@chronoengine.com,CA,125,California
Ebenezer,Staterfield,908-855-9270,estaterfield3h@cmu.edu,NJ,126,New Jersey
Wilburt,Baurerich,858-580-5572,wbaurerich3i@state.tx.us,CA,127,California
Sammy,Hordell,517-240-3626,shordell3j@canalblog.com,MI,128,Michigan
Archibald,Dorsett,915-304-4503,adorsett3k@cdc.gov,TX,129,Texas
Vassily,Ilyasov,650-711-6814,vilyasov3l@marriott.com,CA,130,California
Penny,Floweth,858-113-7244,pfloweth3m@mozilla.org,CA,131,California
Emma,Lanchbery,405-947-3276,elanchbery3n@rambler.ru,OK,132,Oklahoma
Rikki,Ilbert,626-112-0526,rilbert3o@360.cn,CA,133,California
Zachary,Wandrey,915-974-9673,zwandrey3p@europa.eu,TX,134,Texas
Annissa,Axcel,260-815-6705,aaxcel3q@walmart.com,IN,135,Indiana
Roxie,Chilcott,281-848-4899,rchilcott3r@privacy.gov.au,TX,136,Texas
Ursala,Mulhill,515-274-3178,umulhill3s@woothemes.com,IA,137,Iowa
Edeline,Stienton,508-664-5013,estienton3t@networksolutions.com,MA,138,Massachusetts
Cammi,Stanbury,702-439-8611,cstanbury3u@msu.edu,NV,139,Nevada
Ezequiel,Jenken,915-869-8652,ejenken3v@meetup.com,TX,140,Texas
Fiorenze,Thaxton,510-257-7396,fthaxton3w@ning.com,CA,141,California
Hamel,Macallam,858-301-8044,hmacallam3x@homestead.com,CA,142,California
Moll,Treffrey,907-322-4422,mtreffrey3y@plala.or.jp,AK,143,Alaska
Jacklin,Gunson,505-958-9953,jgunson3z@pen.io,NM,144,New Mexico
Danyette,Mughal,585-915-9839,dmughal40@yolasite.com,NY,145,New York
Hinda,Deble,916-243-4902,hdeble41@upenn.edu,CA,146,California
Lucian,Hegg,203-960-4315,lhegg42@sogou.com,CT,147,Connecticut
Garwin,Last,815-989-6357,glast43@abc.net.au,IL,148,Illinois
Feodora,Moniker,915-277-5359,fmoniker44@livejournal.com,TX,149,Texas
Korey,Patshull,718-807-6845,kpatshull45@netvibes.com,NY,150,New York
Gretna,Duddin,770-773-7840,gduddin46@acquirethisname.com,GA,151,Georgia
Fraser,Grima,805-590-9332,fgrima47@nyu.edu,CA,152,California
Rickert,Chadwick,412-942-5993,rchadwick48@netscape.com,PA,153,Pennsylvania
Winifield,Peagram,412-430-4919,wpeagram49@globo.com,PA,154,Pennsylvania
Conrad,Bonsale,304-460-0290,cbonsale4a@flickr.com,WV,155,West Virginia
Frasquito,Barus,313-282-2629,fbarus4b@goo.ne.jp,MI,156,Michigan
Taylor,Honeywood,509-605-2598,thoneywood4c@google.pl,WA,157,Washington
Dame,Groundwator,804-625-1132,dgroundwator4d@berkeley.edu,VA,158,Virginia
Petunia,Bosch,540-660-7073,pbosch4e@alibaba.com,VA,159,Virginia
Kalina,Cocking,314-564-0729,kcocking4f@naver.com,MO,160,Missouri
Dougy,Abramamovh,801-479-0107,dabramamovh4g@about.com,UT,161,Utah
Stanleigh,Muldrew,913-727-3259,smuldrew4h@ebay.co.uk,KS,162,Kansas
Valerie,Tefft,727-563-1492,vtefft4i@comsenz.com,FL,163,Florida
Georgi,Souster,940-869-1114,gsouster4j@cpanel.net,TX,164,Texas
Lisle,Blissitt,432-798-0283,lblissitt4k@youtu.be,TX,165,Texas
Glad,Pfeffel,515-720-0294,gpfeffel4l@google.pl,IA,166,Iowa
Malcolm,Giraudou,203-582-7408,mgiraudou4m@nhs.uk,CT,167,Connecticut
Erica,Sevitt,571-950-9497,esevitt4n@baidu.com,VA,168,Virginia
Eli,Wildes,540-325-6745,ewildes4o@msn.com,VA,169,Virginia
Yoshiko,Harriss,414-648-2613,yharriss4p@bluehost.com,WI,170,Wisconsin
Addy,Deeks,316-320-4125,adeeks4q@csmonitor.com,KS,171,Kansas
Tyson,Stalley,203-596-3481,tstalley4r@geocities.com,CT,172,Connecticut
Moyna,De Roberto,813-690-8742,mderoberto4s@parallels.com,FL,173,Florida
Shel,Prosch,706-474-9516,sprosch4t@mapy.cz,GA,174,Georgia
Jessy,Potte,916-350-3792,jpotte4u@hubpages.com,CA,175,California
Massimo,MacAnulty,971-458-3100,mmacanulty4v@vk.com,OR,176,Oregon
Gratia,Kittman,405-206-5760,gkittman4w@wired.com,OK,177,Oklahoma
Haydon,Wylder,915-583-4027,hwylder4x@privacy.gov.au,TX,178,Texas
Lisle,Le Gall,860-429-2607,llegall4y@latimes.com,CT,179,Connecticut
Kennedy,Coie,765-957-6340,kcoie4z@shutterfly.com,IN,180,Indiana
Halimeda,Ekins,918-790-6051,hekins50@telegraph.co.uk,OK,181,Oklahoma
Ofella,Antonellini,915-156-9076,oantonellini51@economist.com,TX,182,Texas
Fredek,Bramsen,304-995-7540,fbramsen52@weebly.com,WV,183,West Virginia
Gaston,Refford,904-408-6242,grefford53@msn.com,FL,184,Florida
Aleece,Greenhalf,703-131-4619,agreenhalf54@europa.eu,DC,185,District of Columbia
Lek,Allington,843-175-5128,lallington55@microsoft.com,SC,186,South Carolina
Germana,Austick,609-572-7282,gaustick56@jiathis.com,NJ,187,New Jersey
Freddy,Cadogan,502-155-4219,fcadogan57@blogspot.com,KY,188,Kentucky
Fielding,Sharrocks,417-211-2543,fsharrocks58@cocolog-nifty.com,MO,189,Missouri
Carolin,Puncher,626-424-7190,cpuncher59@amazon.com,CA,190,California
Glad,Lawrance,850-540-1739,glawrance5a@so-net.ne.jp,FL,191,Florida
Jodi,McVity,212-701-4045,jmcvity5b@upenn.edu,NY,192,New York
Caleb,Saiger,915-528-1231,csaiger5c@jiathis.com,TX,193,Texas
Ursula,Guion,619-894-7084,uguion5d@bloglovin.com,CA,194,California
Ettore,Kruse,832-856-2086,ekruse5e@webeden.co.uk,TX,195,Texas
Nikos,Yakobovitz,608-668-8635,nyakobovitz5f@reddit.com,WI,196,Wisconsin
Nikkie,Toffanini,214-126-9878,ntoffanini5g@cnet.com,TX,197,Texas
Germana,Avramovic,336-934-1275,gavramovic5h@symantec.com,NC,198,North Carolina
Abbot,Comford,754-258-9436,acomford5i@google.fr,FL,199,Florida
Friederike,Beamson,910-843-3816,fbeamson5j@telegraph.co.uk,NC,200,North Carolina
Cobbie,Tarborn,570-289-4473,ctarborn5k@biblegateway.com,PA,201,Pennsylvania
Ulysses,Bastiman,515-575-0635,ubastiman5l@usda.gov,IA,202,Iowa
Lyell,McClinton,-939-6180,lmcclinton5m@people.com.cn,PA,203,Pennsylvania
Naomi,Gerram,402-268-3640,ngerram5n@surveymonkey.com,NE,204,Nebraska
Georg,Lympenie,614-618-6690,glympenie5o@nature.com,OH,205,Ohio
Dani,Broadfield,812-564-7133,dbroadfield5p@trellian.com,IN,206,Indiana
Bobby,Blow,601-101-6377,bblow5q@accuweather.com,MS,207,Mississippi
Lynsey,Barlie,619-640-8760,lbarlie5r@amazonaws.com,CA,208,California
Haslett,Maxsted,617-502-1294,hmaxsted5s@wired.com,MA,209,Massachusetts
Sauncho,Dunridge,952-593-7700,sdunridge5t@msu.edu,MN,210,Minnesota
Helen,Hryniewicz,512-993-5506,hhryniewicz5u@intel.com,TX,211,Texas
Dinny,Cotty,404-861-2577,dcotty5v@telegraph.co.uk,GA,212,Georgia
Augy,McElree,423-254-1952,amcelree5w@artisteer.com,TN,213,Tennessee
Olia,Royson,651-365-6732,oroyson5x@is.gd,MN,214,Minnesota
Klemens,Swettenham,423-293-3027,kswettenham5y@elpais.com,TN,215,Tennessee
Hermina,Joesbury,203-437-4568,hjoesbury5z@nih.gov,CT,216,Connecticut
Savina,Hussell,602-465-4431,shussell60@drupal.org,AZ,217,Arizona
Zeke,Gruszecki,812-455-9335,zgruszecki61@godaddy.com,IN,218,Indiana
Gaultiero,Tschirasche,850-568-4954,gtschirasche62@howstuffworks.com,FL,219,Florida
Stacey,Road,808-690-8198,sroad63@chron.com,HI,220,Hawaii
Torry,Tregunnah,212-881-3220,ttregunnah64@upenn.edu,NY,221,New York
Leola,Press,617-399-1778,lpress65@live.com,MA,222,Massachusetts
Cesaro,Applewhaite,915-195-2454,capplewhaite66@amazon.co.uk,TX,223,Texas
Vale,Dilworth,215-616-1439,vdilworth67@wiley.com,PA,224,Pennsylvania
Vyky,Boshers,754-337-8625,vboshers68@ibm.com,FL,225,Florida
Jakie,Vardy,702-627-1563,jvardy69@gmpg.org,NV,226,Nevada
Jenelle,Lamperd,352-333-9271,jlamperd6a@hhs.gov,FL,227,Florida
Kennith,Cutteridge,952-721-4212,kcutteridge6b@cpanel.net,MN,228,Minnesota
Mead,Dionisii,765-730-6424,mdionisii6c@hud.gov,IN,229,Indiana
Raimondo,Liveley,713-681-6495,rliveley6d@narod.ru,TX,230,Texas
Alysa,Cunradi,954-596-8167,acunradi6e@youtu.be,FL,231,Florida
Abbye,Hawkswell,805-580-4753,ahawkswell6f@chronoengine.com,CA,232,California
Lydia,Cutts,646-280-7143,lcutts6g@list-manage.com,NY,233,New York
Nickolaus,Fern,209-188-9736,nfern6h@pcworld.com,CA,234,California
Jerrome,Tranter,502-484-9089,jtranter6i@surveymonkey.com,KY,235,Kentucky
Maura,Twinterman,702-434-6042,mtwinterman6j@businessinsider.com,NV,236,Nevada
Adriaens,Millions,908-194-2196,amillions6k@tuttocitta.it,NJ,237,New Jersey
Greer,Stife,256-492-3753,gstife6l@twitpic.com,AL,238,Alabama
Dominik,Lambersen,561-544-1978,dlambersen6m@who.int,FL,239,Florida
Rafaelita,Brekonridge,303-273-2982,rbrekonridge6n@thetimes.co.uk,CO,240,Colorado
Reese,Loosmore,682-154-0538,rloosmore6o@deviantart.com,TX,241,Texas
Darya,Everton,253-117-0631,deverton6p@wisc.edu,WA,242,Washington
Moshe,Greenacre,210-241-5620,mgreenacre6q@boston.com,TX,243,Texas
Rae,Toll,901-253-3649,rtoll6r@amazon.co.uk,TN,244,Tennessee
Clarence,Blowfelde,440-942-5289,cblowfelde6s@salon.com,OH,245,Ohio
Ardella,Thew,310-492-0932,athew6t@storify.com,CA,246,California
Clemence,Hornung,813-183-6504,chornung6u@nba.com,FL,247,Florida
Ethelind,McQuie,770-661-7074,emcquie6v@indiatimes.com,GA,248,Georgia
Nicolais,Hayler,310-993-2253,nhayler6w@ed.gov,CA,249,California
Valentin,Zarfati,818-452-0535,vzarfati6x@mit.edu,CA,250,California
Vincent,Reckless,916-560-6748,vreckless6y@mail.ru,CA,251,California
Diego,Aldiss,404-983-9830,daldiss6z@washington.edu,GA,252,Georgia
Reese,Hannaford,727-542-4914,rhannaford70@purevolume.com,FL,253,Florida
Mikol,Ivancevic,920-622-7753,mivancevic71@slashdot.org,WI,254,Wisconsin
Fanny,Sweetmore,484-857-5069,fsweetmore72@msu.edu,PA,255,Pennsylvania
Shurlock,Colledge,505-973-3068,scolledge73@sina.com.cn,NM,256,New Mexico
Dudley,Favelle,317-476-5265,dfavelle74@opera.com,IN,257,Indiana
Mirilla,Camamile,724-669-9256,mcamamile75@redcross.org,PA,258,Pennsylvania
Casandra,Steventon,423-593-6967,csteventon76@behance.net,TN,259,Tennessee
Sayer,Mardy,678-119-7987,smardy77@blinklist.com,GA,260,Georgia
Roch,Diffley,765-483-2218,rdiffley78@google.co.uk,IN,261,Indiana
Jakob,Gegay,205-522-1768,jgegay79@hao123.com,AL,262,Alabama
Monroe,Jeannequin,702-325-8565,mjeannequin7a@homestead.com,NV,263,Nevada
Royall,Morsey,571-271-9071,rmorsey7b@irs.gov,VA,264,Virginia
Kristy,Siggers,417-721-0070,ksiggers7c@noaa.gov,MO,265,Missouri
Doyle,Stollen,818-848-1765,dstollen7d@yolasite.com,CA,266,California
Ingmar,Staniland,610-259-8317,istaniland7e@nasa.gov,PA,267,Pennsylvania
Kimberly,BoHlingolsen,919-903-5389,kbohlingolsen7f@biglobe.ne.jp,NC,268,North Carolina
Burl,Mendenhall,201-503-2656,bmendenhall7g@dmoz.org,NJ,269,New Jersey
Karl,Elan,720-887-6146,kelan7h@zimbio.com,CO,270,Colorado
Shalom,Stratten,718-259-3994,sstratten7i@mozilla.com,NY,271,New York
Dalia,Scawen,303-313-2835,dscawen7j@prweb.com,CO,272,Colorado
Darn,Horlick,832-827-1083,dhorlick7k@bigcartel.com,TX,273,Texas
Pincus,Maystone,915-149-5330,pmaystone7l@mayoclinic.com,TX,274,Texas
Dasya,Di Franceschi,615-257-1854,ddifranceschi7m@wp.com,TN,275,Tennessee
Sarina,Ashtonhurst,937-831-0848,sashtonhurst7n@t.co,OH,276,Ohio
Edgardo,Simmonds,704-260-0651,esimmonds7o@tripadvisor.com,NC,277,North Carolina
West,Mulbry,619-565-9147,wmulbry7p@cbc.ca,CA,278,California
Donnie,Szachniewicz,303-350-8924,dszachniewicz7q@behance.net,CO,279,Colorado
Robby,Huggins,831-668-4260,rhuggins7r@slate.com,CA,280,California
Morgana,Eckert,504-239-4837,meckert7s@deliciousdays.com,LA,281,Louisiana
Rona,Varley,607-682-1490,rvarley7t@flickr.com,NY,282,New York
Ginger,Moden,309-748-8555,gmoden7u@pagesperso-orange.fr,IL,283,Illinois
Sashenka,Lasseter,720-560-6629,slasseter7v@wordpress.org,CO,284,Colorado
Delly,Jorry,775-673-7678,djorry7w@github.io,NV,285,Nevada
Kim,Hallbord,305-876-7020,khallbord7x@tuttocitta.it,FL,286,Florida
Whittaker,Grigaut,915-119-8139,wgrigaut7y@weather.com,TX,287,Texas
Orran,Oller,915-334-1794,ooller7z@symantec.com,TX,288,Texas
Janith,Marte,727-716-5540,jmarte80@is.gd,FL,289,Florida
Franny,Toffetto,505-699-8850,ftoffetto81@networksolutions.com,NM,290,New Mexico
Ed,Matusovsky,713-241-6939,ematusovsky82@cdbaby.com,TX,291,Texas
Codi,Drioli,404-504-6635,cdrioli83@whitehouse.gov,GA,292,Georgia
Angela,Wordesworth,619-295-3402,awordesworth84@domainmarket.com,CA,293,California
Hyacinthia,Carding,331-673-0433,hcarding85@rakuten.co.jp,IL,294,Illinois
Tyler,Castanaga,813-621-6604,tcastanaga86@youtube.com,FL,295,Florida
Jerome,Storrock,612-942-5442,jstorrock87@cdc.gov,MN,296,Minnesota
Cal,Hearle,415-541-6212,chearle88@squarespace.com,CA,297,California
Joeann,Coldman,801-516-4066,jcoldman89@abc.net.au,UT,298,Utah
Sherline,Shee,414-928-7152,sshee8a@google.cn,WI,299,Wisconsin
Dora,Ilyuchyov,217-355-1137,dilyuchyov8b@reference.com,IL,300,Illinois
Adelaida,Garioch,201-706-8412,agarioch8c@webeden.co.uk,NJ,301,New Jersey
Krystyna,Romans,517-296-7660,kromans8d@ask.com,MI,302,Michigan
Ondrea,Emlyn,612-719-9373,oemlyn8e@rambler.ru,MN,303,Minnesota
Dannel,Malimoe,803-978-0180,dmalimoe8f@scribd.com,SC,304,South Carolina
Wain,Bagnell,225-571-8656,wbagnell8g@drupal.org,LA,305,Louisiana
Jordan,Smallpeace,202-988-6370,jsmallpeace8h@weebly.com,DC,306,District of Columbia
Lisetta,Rosenthaler,410-249-2745,lrosenthaler8i@sciencedaily.com,MD,307,Maryland
Field,Beesley,408-433-6095,fbeesley8j@tiny.cc,CA,308,California
Fawnia,Gerram,412-770-0822,fgerram8k@cnet.com,PA,309,Pennsylvania
Amye,Duckett,641-481-9137,aduckett8l@desdev.cn,IA,310,Iowa
Constantina,Hewkin,239-896-0650,chewkin8m@i2i.jp,FL,311,Florida
Shalom,Sutor,304-700-3131,ssutor8n@drupal.org,WV,312,West Virginia
Ephrem,Scotter,815-470-6648,escotter8o@apache.org,IL,313,Illinois
Briana,De La Coste,702-697-0731,bdelacoste8p@examiner.com,NV,314,Nevada
Egon,Audry,352-377-5064,eaudry8q@ow.ly,FL,315,Florida
Adrian,Carme,910-336-0203,acarme8r@bluehost.com,NC,316,North Carolina
Maris,Merdew,954-368-7427,mmerdew8s@disqus.com,FL,317,Florida
Luciano,Browne,304-337-3635,lbrowne8t@i2i.jp,WV,318,West Virginia
Laetitia,Cockerill,713-848-9618,lcockerill8u@e-recht24.de,TX,319,Texas
Ewell,Emer,727-142-2595,eemer8v@shareasale.com,FL,320,Florida
Callie,McKeand,626-308-7334,cmckeand8w@feedburner.com,CA,321,California
Phaidra,Macilhench,352-896-9706,pmacilhench8x@exblog.jp,FL,322,Florida
Brunhilda,Josephi,954-103-5581,bjosephi8y@list-manage.com,FL,323,Florida
Raddie,Shane,913-902-6676,rshane8z@samsung.com,KS,324,Kansas
Cedric,Danat,404-863-2873,cdanat90@xing.com,GA,325,Georgia
Constantine,Bouskill,202-436-8459,cbouskill91@godaddy.com,MD,326,Maryland
Aubert,Newborn,504-447-3765,anewborn92@dailymotion.com,LA,327,Louisiana
Valle,Dampier,513-453-6227,vdampier93@archive.org,OH,328,Ohio
Geraldine,McCart,813-351-5352,gmccart94@ox.ac.uk,FL,329,Florida
Zechariah,Kristoffersen,203-454-6120,zkristoffersen95@nyu.edu,CT,330,Connecticut
Andrew,Mc Elory,205-937-6021,amcelory96@bing.com,AL,331,Alabama
Waite,Ivchenko,417-917-6781,wivchenko97@redcross.org,MO,332,Missouri
Dorothee,Sissens,510-834-2657,dsissens98@dropbox.com,CA,333,California
Kermie,Colter,509-731-1489,kcolter99@skype.com,WA,334,Washington
Nonnah,Habershaw,786-136-4039,nhabershaw9a@creativecommons.org,FL,335,Florida
Willem,Wayper,901-456-0318,wwayper9b@reuters.com,TN,336,Tennessee
Montgomery,Oliphand,281-857-9182,moliphand9c@salon.com,TX,337,Texas
Emili,Shuttleworth,713-414-6881,eshuttleworth9d@ocn.ne.jp,TX,338,Texas
Rodolph,Romanelli,801-862-7402,rromanelli9e@tmall.com,UT,339,Utah
Allissa,Kahler,816-315-1461,akahler9f@twitter.com,MO,340,Missouri
Aubry,Gobbet,612-330-9509,agobbet9g@dailymotion.com,MN,341,Minnesota
Friederike,Hubbert,202-767-1224,fhubbert9h@mtv.com,DC,342,District of Columbia
Leonora,Mouget,601-356-4969,lmouget9i@yandex.ru,MS,343,Mississippi
Cordy,Fairholme,559-381-4036,cfairholme9j@dion.ne.jp,CA,344,California
Michael,Pettiford,704-254-4587,mpettiford9k@jugem.jp,NC,345,North Carolina
Immanuel,Klossek,240-500-8637,iklossek9l@ebay.com,MD,346,Maryland
Bink,Mallabar,337-761-2116,bmallabar9m@godaddy.com,LA,347,Louisiana
Harlan,Vermer,805-137-0662,hvermer9n@oaic.gov.au,CA,348,California
Hort,Watts,520-318-7149,hwatts9o@businessinsider.com,AZ,349,Arizona
Nahum,Hansie,646-173-0413,nhansie9p@artisteer.com,NY,350,New York
Cirilo,Sheach,415-605-3972,csheach9q@over-blog.com,CA,351,California
Cam,Aucott,212-487-5325,caucott9r@usa.gov,NY,352,New York
Barney,Toffler,301-223-2184,btoffler9s@soup.io,MD,353,Maryland
Doria,McInnerny,605-620-9943,dmcinnerny9t@newsvine.com,SD,354,South Dakota
Levin,Brodbin,502-644-3629,lbrodbin9u@independent.co.uk,KY,355,Kentucky
Theadora,Elsdon,972-386-4006,telsdon9v@gnu.org,TX,356,Texas
Chelsae,De La Salle,501-674-2411,cdelasalle9w@prlog.org,AR,357,Arkansas
Guilbert,Dollard,806-153-8657,gdollard9x@godaddy.com,TX,358,Texas
Rhianon,Gowing,316-339-2464,rgowing9y@gnu.org,KS,359,Kansas
Dolf,Belmont,434-510-4886,dbelmont9z@vinaora.com,VA,360,Virginia
Tatiania,Clowley,515-620-1297,tclowleya0@hubpages.com,IA,361,Iowa
Ania,Morales,614-650-6421,amoralesa1@github.io,OH,362,Ohio
Siward,Ferras,843-970-3436,sferrasa2@mozilla.org,SC,363,South Carolina
Welsh,Lomis,734-904-4302,wlomisa3@independent.co.uk,MI,364,Michigan
Indira,Boocock,210-374-3411,iboococka4@yelp.com,TX,365,Texas
Theresita,Bonar,225-766-2767,tbonara5@pen.io,LA,366,Louisiana
Mellisent,Pinfold,765-314-1479,mpinfolda6@phpbb.com,IN,367,Indiana
Corrie,Luscott,614-658-1452,cluscotta7@nhs.uk,OH,368,Ohio
Jacky,Chisholm,214-860-5788,jchisholma8@nature.com,TX,369,Texas
Wittie,Coopey,801-484-5879,wcoopeya9@salon.com,UT,370,Utah
Doralyn,Puve,772-668-6561,dpuveaa@cam.ac.uk,FL,371,Florida
Monty,Fontaine,651-302-4743,mfontaineab@dell.com,MN,372,Minnesota
Marlin,Leppard,405-802-6441,mleppardac@furl.net,OK,373,Oklahoma
Bondie,Yorath,480-942-7446,byorathad@tuttocitta.it,AZ,374,Arizona
Rogers,Ryman,601-275-2172,rrymanae@dailymotion.com,MS,375,Mississippi
Lynne,Purches,334-745-6590,lpurchesaf@census.gov,AL,376,Alabama
Ag,Spottswood,517-667-6914,aspottswoodag@odnoklassniki.ru,MI,377,Michigan
Floria,Dungee,619-961-1348,fdungeeah@archive.org,CA,378,California
Ossie,Behnke,608-396-1870,obehnkeai@hao123.com,WI,379,Wisconsin
Ilario,Lapenna,775-565-3464,ilapennaaj@bloomberg.com,NV,380,Nevada
Martie,Tolefree,310-288-6340,mtolefreeak@furl.net,CA,381,California
Filia,Choppen,719-546-6710,fchoppenal@over-blog.com,CO,382,Colorado
Oran,Gilley,517-547-7724,ogilleyam@opensource.org,MI,383,Michigan
Demetris,Bougen,425-689-0502,dbougenan@google.com.au,WA,384,Washington
Asher,Kernocke,763-240-7469,akernockeao@yahoo.co.jp,MN,385,Minnesota
Ediva,Jelly,801-419-0704,ejellyap@disqus.com,UT,386,Utah
Tessie,Raynton,318-809-6780,trayntonaq@tiny.cc,LA,387,Louisiana
Jana,Theuss,727-695-4964,jtheussar@yellowbook.com,FL,388,Florida
Tilly,Caveney,214-200-6983,tcaveneyas@indiegogo.com,TX,389,Texas
Lynnea,Wolters,804-802-1192,lwoltersat@indiegogo.com,VA,390,Virginia
Margarita,Dumberell,713-150-1130,mdumberellau@tinypic.com,TX,391,Texas
Catie,Scotcher,505-174-4076,cscotcherav@un.org,NM,392,New Mexico
Reta,Curragh,612-733-6255,rcurraghaw@cloudflare.com,MN,393,Minnesota
Kristoforo,Hiscoe,303-293-0975,khiscoeax@github.io,CO,394,Colorado
Blakelee,Hastwall,845-380-3310,bhastwallay@lycos.com,NY,395,New York
Dodie,Mowlam,918-864-9899,dmowlamaz@kickstarter.com,OK,396,Oklahoma
Leanor,Courvert,814-306-8839,lcourvertb0@fda.gov,PA,397,Pennsylvania
Willetta,Clubbe,916-513-8096,wclubbeb1@stumbleupon.com,CA,398,California
Jenine,Kensley,256-214-2605,jkensleyb2@ustream.tv,AL,399,Alabama
Lanie,Oaker,602-164-7483,loakerb3@icq.com,AZ,400,Arizona
Paule,McCaughren,713-419-7735,pmccaughrenb4@is.gd,TX,401,Texas
Torry,Konke,217-331-4723,tkonkeb5@creativecommons.org,IL,402,Illinois
Adelheid,Tuffrey,609-372-3722,atuffreyb6@ucoz.ru,NJ,403,New Jersey
Morrie,Llewellyn,520-108-6170,mllewellynb7@dailymail.co.uk,AZ,404,Arizona
Miles,Codron,480-692-9473,mcodronb8@flavors.me,AZ,405,Arizona
Tarah,Dumingo,402-585-1889,tdumingob9@reuters.com,NE,406,Nebraska
Genevra,Kopfen,480-210-7447,gkopfenba@etsy.com,AZ,407,Arizona
Fransisco,McGlew,408-330-1970,fmcglewbb@google.com.hk,CA,408,California
Gus,Phetteplace,910-160-5969,gphetteplacebc@bloomberg.com,NC,409,North Carolina
Erhard,Joontjes,405-428-4678,ejoontjesbd@adobe.com,OK,410,Oklahoma
Constantia,Heavy,727-556-6031,cheavybe@mail.ru,FL,411,Florida
Daffi,Dolby,510-750-5334,ddolbybf@cnbc.com,CA,412,California
Neddie,Murphy,850-660-0036,nmurphybg@virginia.edu,FL,413,Florida
Melessa,Pastor,617-374-8239,mpastorbh@homestead.com,MA,414,Massachusetts
Langsdon,Garard,203-453-4729,lgarardbi@ted.com,CT,415,Connecticut
Buddie,Tittershill,563-569-9779,btittershillbj@addtoany.com,IA,416,Iowa
Meredeth,Saville,323-617-3736,msavillebk@unicef.org,CA,417,California
Izzy,Skeldinge,563-564-4177,iskeldingebl@noaa.gov,IA,418,Iowa
Daphne,Mennear,661-385-9062,dmennearbm@admin.ch,CA,419,California
Kizzie,Lubomirski,360-647-6660,klubomirskibn@columbia.edu,WA,420,Washington
Kane,Lemmertz,512-429-2130,klemmertzbo@gmpg.org,TX,421,Texas
Huntlee,Karpushkin,305-161-2301,hkarpushkinbp@ycombinator.com,FL,422,Florida
Kent,Flieger,361-436-4380,kfliegerbq@twitter.com,TX,423,Texas
Fifine,Fried,804-533-6198,ffriedbr@reuters.com,VA,424,Virginia
Alden,Worms,801-128-6184,awormsbs@jimdo.com,UT,425,Utah
Milicent,Falloon,915-590-4473,mfalloonbt@1und1.de,TX,426,Texas
Mauricio,Cottell,240-813-7987,mcottellbu@google.com,MD,427,Maryland
Garnette,Bearblock,520-126-4666,gbearblockbv@msn.com,AZ,428,Arizona
Lorrin,Schult,404-817-7116,lschultbw@ocn.ne.jp,GA,429,Georgia
Nessi,Anderbrugge,316-812-3558,nanderbruggebx@webnode.com,KS,430,Kansas
Emelita,Sorbey,304-273-3489,esorbeyby@a8.net,WV,431,West Virginia
Devina,Tesh,805-296-1324,dteshbz@army.mil,CA,432,California
Clarance,Stratiff,574-451-9408,cstratiffc0@pcworld.com,IN,433,Indiana
Nickie,Cardwell,813-440-3452,ncardwellc1@ustream.tv,FL,434,Florida
Harmonia,Passmore,810-432-1903,hpassmorec2@yolasite.com,MI,435,Michigan
Jessie,Boughtwood,319-930-9410,jboughtwoodc3@ted.com,IA,436,Iowa
Pattin,Challoner,804-167-9837,pchallonerc4@blogspot.com,VA,437,Virginia
Reed,Braddock,414-429-4609,rbraddockc5@intel.com,WI,438,Wisconsin
Philbert,Corbet,915-297-3820,pcorbetc6@google.pl,TX,439,Texas
Marie-ann,Rominov,615-252-3163,mrominovc7@wp.com,TN,440,Tennessee
Bonnee,Simoncelli,904-367-7323,bsimoncellic8@mysql.com,FL,441,Florida
Friederike,Affuso,941-729-8461,faffusoc9@gizmodo.com,FL,442,Florida
Georgeanne,Stedall,757-192-2448,gstedallca@quantcast.com,VA,443,Virginia
Dallas,Masseo,510-589-9200,dmasseocb@yelp.com,CA,444,California
Perceval,Lamkin,254-236-1707,plamkincc@wufoo.com,TX,445,Texas
Arie,Gradly,202-764-9009,agradlycd@berkeley.edu,DC,446,District of Columbia
Margalit,Offen,757-578-0902,moffence@qq.com,VA,447,Virginia
Morris,Howland,818-290-7446,mhowlandcf@webs.com,CA,448,California
Susannah,Spiring,614-750-4178,sspiringcg@ihg.com,OH,449,Ohio
Lacee,Bracer,202-832-7191,lbracerch@360.cn,DC,450,District of Columbia
Tadeo,Gedling,937-861-2662,tgedlingci@barnesandnoble.com,OH,451,Ohio
Delcine,Ockendon,202-883-2682,dockendoncj@economist.com,DC,452,District of Columbia
Bonny,Lewty,404-721-2033,blewtyck@imgur.com,GA,453,Georgia
Dyanne,McDonald,971-614-8622,dmcdonaldcl@mashable.com,OR,454,Oregon
Darleen,Quigley,830-649-7195,dquigleycm@nba.com,TX,455,Texas
Andi,Earsman,360-108-1171,aearsmancn@blogger.com,WA,456,Washington
Daron,Knibbs,203-311-6606,dknibbsco@toplist.cz,CT,457,Connecticut
Wally,Fossord,786-139-4618,wfossordcp@epa.gov,FL,458,Florida
Shandy,Odcroft,859-137-2144,sodcroftcq@naver.com,KY,459,Kentucky
Kaela,Larvor,323-566-0546,klarvorcr@princeton.edu,CA,460,California
Prudence,Marnes,208-331-8838,pmarnescs@state.tx.us,ID,461,Idaho
Mirabelle,Ick,785-576-1905,mickct@friendfeed.com,KS,462,Kansas
Nils,Drezzer,432-269-8135,ndrezzercu@uol.com.br,TX,463,Texas
Lise,Mucci,503-201-4628,lmuccicv@ezinearticles.com,OR,464,Oregon
Mack,Lamanby,502-728-9699,mlamanbycw@yale.edu,KY,465,Kentucky
Purcell,Kops,310-262-8138,pkopscx@hp.com,CA,466,California
Bette-ann,Rosiello,804-482-0584,brosiellocy@spiegel.de,VA,467,Virginia
Julius,Pickworth,814-691-4647,jpickworthcz@wsj.com,PA,468,Pennsylvania
Celisse,Snibson,330-909-9845,csnibsond0@about.com,OH,469,Ohio
Inglebert,Sapshed,916-292-1011,isapshedd1@si.edu,CA,470,California
Humbert,Lunbech,510-825-5894,hlunbechd2@irs.gov,CA,471,California
Elihu,Jelkes,212-509-9273,ejelkesd3@zimbio.com,NY,472,New York
Cecilia,Tother,916-968-9210,ctotherd4@163.com,CA,473,California
Filbert,Habercham,216-248-1752,fhaberchamd5@yellowbook.com,OH,474,Ohio
Shirley,Sibille,914-867-4484,ssibilled6@tuttocitta.it,NY,475,New York
Francisca,A'Barrow,518-328-1026,fabarrowd7@shop-pro.jp,NY,476,New York
Cesya,McGrady,702-495-2464,cmcgradyd8@europa.eu,NV,477,Nevada
Nanice,Abelwhite,915-346-4069,nabelwhited9@hubpages.com,TX,478,Texas
Allayne,Sommerly,215-673-7888,asommerlyda@plala.or.jp,PA,479,Pennsylvania
Aguie,O'Carroll,405-505-4547,aocarrolldb@usnews.com,OK,480,Oklahoma
Maude,Astlet,801-255-1238,mastletdc@sciencedaily.com,UT,481,Utah
Dotty,Luke,209-746-1396,dlukedd@behance.net,CA,482,California
Corabel,Keitch,414-443-3345,ckeitchde@netvibes.com,WI,483,Wisconsin
Idell,Rymour,804-711-3506,irymourdf@webeden.co.uk,VA,484,Virginia
Jennette,Abramsky,813-400-1996,jabramskydg@live.com,FL,485,Florida
Fanni,Caddan,813-329-5845,fcaddandh@auda.org.au,FL,486,Florida
Raquela,Udy,941-717-3708,rudydi@hud.gov,FL,487,Florida
Cissy,Whalebelly,562-685-7419,cwhalebellydj@blinklist.com,CA,488,California
Obidiah,Gulland,734-630-7910,ogullanddk@shutterfly.com,MI,489,Michigan
Matty,Stuckley,757-988-3364,mstuckleydl@washington.edu,VA,490,Virginia
Cloris,Wanklin,551-223-9801,cwanklindm@hubpages.com,NJ,491,New Jersey
Eduardo,Dachs,347-300-9655,edachsdn@nydailynews.com,NY,492,New York
Rowena,Gebb,936-988-1180,rgebbdo@washingtonpost.com,TX,493,Texas
Arabele,Ricca,704-610-7678,ariccadp@nifty.com,NC,494,North Carolina
Constantino,McLice,760-849-4009,cmclicedq@vkontakte.ru,CA,495,California
Neila,Burwin,727-447-7471,nburwindr@wisc.edu,FL,496,Florida
Lia,Tinklin,818-160-0716,ltinklinds@geocities.com,CA,497,California
Noellyn,Brixham,423-724-7686,nbrixhamdt@prnewswire.com,TN,498,Tennessee
Cosmo,White,914-888-9506,cwhitedu@1688.com,NY,499,New York
Linnea,Gaye,815-597-5617,lgayedv@istockphoto.com,IL,500,Illinois
Tomas,Priver,504-315-0229,tpriverdw@abc.net.au,LA,501,Louisiana
Heidie,Gristhwaite,423-394-8278,hgristhwaitedx@squarespace.com,TN,502,Tennessee
Chadd,Crosswaite,918-569-4591,ccrosswaitedy@wunderground.com,OK,503,Oklahoma
Eleni,Kells,212-938-1627,ekellsdz@google.ru,NY,504,New York
Meir,Munson,303-366-8154,mmunsone0@histats.com,CO,505,Colorado
Sheppard,Munt,951-906-3777,smunte1@booking.com,CA,506,California
Tierney,Adelsberg,913-909-4702,tadelsberge2@bravesites.com,KS,507,Kansas
Henrietta,Thackwray,502-211-4215,hthackwraye3@apple.com,KY,508,Kentucky
Ruby,Stainland,763-972-1499,rstainlande4@wisc.edu,MN,509,Minnesota
Lombard,Keenlyside,253-104-9425,lkeenlysidee5@sun.com,WA,510,Washington
Vivia,Adolphine,304-290-3060,vadolphinee6@amazon.co.uk,WV,511,West Virginia
Lucien,Aisman,574-529-6722,laismane7@a8.net,IN,512,Indiana
Kerrin,Blazevic,810-124-6235,kblazevice8@wordpress.com,MI,513,Michigan
Pierce,Say,203-248-7900,psaye9@facebook.com,CT,514,Connecticut
Mersey,Dillow,832-821-9575,mdillowea@issuu.com,TX,515,Texas
Lilith,Guinery,404-729-8928,lguineryeb@barnesandnoble.com,GA,516,Georgia
Alli,Docket,601-794-3704,adocketec@printfriendly.com,MS,517,Mississippi
Fitz,Holtham,502-707-1338,fholthamed@merriam-webster.com,KY,518,Kentucky
Daryn,Fancutt,713-170-0867,dfancuttee@slideshare.net,TX,519,Texas
Chris,Matiasek,818-281-9857,cmatiasekef@engadget.com,CA,520,California
Jorrie,Kershaw,916-911-1639,jkershaweg@bloomberg.com,CA,521,California
Fee,Fenners,916-767-3792,ffennerseh@vistaprint.com,CA,522,California
Thorn,Croker,810-729-6219,tcrokerei@indiatimes.com,MI,523,Michigan
Kenton,Yirrell,703-942-5281,kyirrellej@instagram.com,DC,524,District of Columbia
Nollie,Kinnock,760-949-5935,nkinnockek@qq.com,CA,525,California
Loria,Benallack,210-732-2443,lbenallackel@google.es,TX,526,Texas
Devon,Kollaschek,806-278-0024,dkollaschekem@paginegialle.it,TX,527,Texas
Bee,Ingerfield,772-565-3917,bingerfielden@washington.edu,FL,528,Florida
Joey,Ruzek,704-252-7806,jruzekeo@skype.com,NC,529,North Carolina
Elfreda,Gascard,412-223-6069,egascardep@wsj.com,PA,530,Pennsylvania
Alfonso,Lindeman,602-971-9033,alindemaneq@posterous.com,AZ,531,Arizona
Trish,Hacket,336-896-3384,thacketer@shinystat.com,NC,532,North Carolina
Zelma,Meachen,615-113-1208,zmeachenes@narod.ru,TN,533,Tennessee
Hartwell,Glanton,210-576-1518,hglantonet@slate.com,TX,534,Texas
Suzy,Node,864-219-3028,snodeeu@mediafire.com,SC,535,South Carolina
Jamaal,Hryniewicz,317-952-9404,jhryniewiczev@theguardian.com,IN,536,Indiana
Chiquia,McMenamin,864-268-4702,cmcmenaminew@google.pl,SC,537,South Carolina
Sandi,Mackrell,678-967-7229,smackrellex@google.fr,GA,538,Georgia
Amberly,Edinborough,202-499-4550,aedinboroughey@imageshack.us,DC,539,District of Columbia
Franklyn,Meaddowcroft,915-511-2716,fmeaddowcroftez@rambler.ru,TX,540,Texas
Peterus,Harmeston,303-403-6897,pharmestonf0@studiopress.com,CO,541,Colorado
Coleman,Trenaman,518-605-9025,ctrenamanf1@statcounter.com,NY,542,New York
Washington,Dumbar,801-527-4343,wdumbarf2@toplist.cz,UT,543,Utah
Tremain,Gaynsford,402-763-1942,tgaynsfordf3@yahoo.co.jp,NE,544,Nebraska
Dahlia,Alyonov,318-817-4607,dalyonovf4@tinypic.com,LA,545,Louisiana
Carena,Whitney,915-122-2536,cwhitneyf5@webs.com,TX,546,Texas
George,Fairclough,253-828-3133,gfaircloughf6@cnet.com,WA,547,Washington
Kerk,Covert,513-399-9214,kcovertf7@apple.com,OH,548,Ohio
Trudi,Dunbobbin,862-661-3350,tdunbobbinf8@howstuffworks.com,NJ,549,New Jersey
Roshelle,Works,614-437-0738,rworksf9@amazon.co.jp,OH,550,Ohio
Aggie,Weller,601-684-6736,awellerfa@discuz.net,MS,551,Mississippi
Baily,Featherstonehaugh,503-716-6389,bfeatherstonehaughfb@oaic.gov.au,OR,552,Oregon
Alvinia,Dorken,202-228-7952,adorkenfc@wikipedia.org,DC,553,District of Columbia
Curr,Brotherhood,570-582-2009,cbrotherhoodfd@hugedomains.com,PA,554,Pennsylvania
Anette,Tinniswood,407-921-0174,atinniswoodfe@google.fr,FL,555,Florida
Merwin,Mapson,412-360-8944,mmapsonff@japanpost.jp,PA,556,Pennsylvania
Fabio,Franzman,850-634-5269,ffranzmanfg@disqus.com,FL,557,Florida
Tann,Melley,570-620-6342,tmelleyfh@economist.com,PA,558,Pennsylvania
Shanon,Gale,810-438-4089,sgalefi@goo.ne.jp,MI,559,Michigan
Cathrine,Thomsen,804-987-4977,cthomsenfj@theglobeandmail.com,VA,560,Virginia
Lanie,Sheekey,561-650-7030,lsheekeyfk@joomla.org,FL,561,Florida
Lotte,Thursby,806-455-8493,lthursbyfl@canalblog.com,TX,562,Texas
Quent,Ropcke,989-706-5602,qropckefm@buzzfeed.com,MI,563,Michigan
Dani,Godney,727-759-3459,dgodneyfn@sphinn.com,FL,564,Florida
Judie,Truggian,202-774-4156,jtruggianfo@harvard.edu,DC,565,District of Columbia
Eddy,Brigham,423-715-2494,ebrighamfp@creativecommons.org,TN,566,Tennessee
Quinta,Tanti,304-192-4316,qtantifq@purevolume.com,WV,567,West Virginia
Shelby,Whiteson,408-509-1956,swhitesonfr@marketwatch.com,CA,568,California
Tiff,Worms,317-919-0938,twormsfs@ow.ly,IN,569,Indiana
Bernie,Ingham,520-736-8196,binghamft@nifty.com,AZ,570,Arizona
Keary,Godwyn,404-252-7404,kgodwynfu@nationalgeographic.com,GA,571,Georgia
Bail,Blakely,859-694-8777,bblakelyfv@mashable.com,KY,572,Kentucky
Pooh,Pearson,714-105-5954,ppearsonfw@auda.org.au,CA,573,California
Dorita,Grevile,972-301-2099,dgrevilefx@yahoo.com,TX,574,Texas
Rickert,Brickhill,601-332-9542,rbrickhillfy@weather.com,MS,575,Mississippi
Elfrida,Bootes,703-830-2302,ebootesfz@google.com.br,DC,576,District of Columbia
Leopold,Huison,202-980-6553,lhuisong0@quantcast.com,DC,577,District of Columbia
Kippy,Wrassell,305-100-6686,kwrassellg1@spotify.com,FL,578,Florida
Carmencita,Vagg,859-901-7313,cvaggg2@zdnet.com,KY,579,Kentucky
Marty,Betton,702-984-6124,mbettong3@indiatimes.com,NV,580,Nevada
Delly,Mum,619-524-9262,dmumg4@exblog.jp,CA,581,California
Elvis,Liebmann,713-922-7556,eliebmanng5@cnet.com,TX,582,Texas
Celie,Claringbold,805-771-7306,cclaringboldg6@ucoz.com,CA,583,California
Norris,Glyne,859-902-6332,nglyneg7@stumbleupon.com,KY,584,Kentucky
Veriee,Le Moucheux,510-632-5357,vlemoucheuxg8@google.com.br,CA,585,California
Bren,Hercules,248-166-2928,bherculesg9@nature.com,MI,586,Michigan
Gilbert,Sallier,914-247-0853,gsallierga@typepad.com,NY,587,New York
Crissie,Herrieven,602-898-5736,cherrievengb@msu.edu,AZ,588,Arizona
Nichol,Stump,212-804-3185,nstumpgc@123-reg.co.uk,NY,589,New York
Roxanne,Rittmeier,217-129-3935,rrittmeiergd@devhub.com,IL,590,Illinois
Petey,Ovett,407-355-2810,povettge@bloglines.com,FL,591,Florida
Stephana,Lott,786-686-7177,slottgf@howstuffworks.com,FL,592,Florida
Alasteir,Yielding,937-697-6495,ayieldinggg@e-recht24.de,OH,593,Ohio
Delphinia,Baltrushaitis,785-516-4535,dbaltrushaitisgh@example.com,KS,594,Kansas
Gabriel,Loveard,205-797-2855,gloveardgi@miibeian.gov.cn,AL,595,Alabama
Junie,Dullingham,803-505-9687,jdullinghamgj@usda.gov,SC,596,South Carolina
Genevra,Kemball,702-710-6591,gkemballgk@japanpost.jp,NV,597,Nevada
Mikol,Hamp,919-368-0098,mhampgl@twitpic.com,NC,598,North Carolina
Dewey,Tolwood,770-362-8637,dtolwoodgm@ask.com,GA,599,Georgia
Wilton,Habbes,540-489-3008,whabbesgn@hexun.com,VA,600,Virginia
Ara,Etoile,406-319-2658,aetoilego@alibaba.com,MT,601,Montana
Jenifer,Pinchin,510-446-1335,jpinchingp@4shared.com,CA,602,California
Keelia,Castelot,419-573-2413,kcastelotgq@state.tx.us,OH,603,Ohio
Morten,Westphal,321-718-9322,mwestphalgr@china.com.cn,FL,604,Florida
Rusty,Sherwood,562-921-1176,rsherwoodgs@desdev.cn,CA,605,California
Cloris,Kepling,605-312-9996,ckeplinggt@privacy.gov.au,SD,606,South Dakota
Lenci,Pavett,785-832-1151,lpavettgu@mlb.com,KS,607,Kansas
Arabella,De Giorgi,813-745-5590,adegiorgigv@blogger.com,FL,608,Florida
Artemus,Senett,773-980-8343,asenettgw@latimes.com,IL,609,Illinois
Jimmy,Blasik,605-400-3329,jblasikgx@alibaba.com,SD,610,South Dakota
Birgit,Tydeman,859-295-3334,btydemangy@prnewswire.com,KY,611,Kentucky
Verne,Mort,808-486-0931,vmortgz@reverbnation.com,HI,612,Hawaii
Tamra,Madgett,704-440-0409,tmadgetth0@deviantart.com,NC,613,North Carolina
De witt,Avrahamoff,863-942-0656,davrahamoffh1@amazon.co.jp,FL,614,Florida
Elle,Couling,215-271-4480,ecoulingh2@chicagotribune.com,PA,615,Pennsylvania
Morton,Glascott,225-752-1817,mglascotth3@facebook.com,LA,616,Louisiana
Barb,Varker,202-257-6252,bvarkerh4@economist.com,MD,617,Maryland
Liesa,Crain,412-613-5024,lcrainh5@oakley.com,PA,618,Pennsylvania
Marlane,Yearn,718-565-2094,myearnh6@google.co.jp,NY,619,New York
Petey,Huskisson,316-396-0394,phuskissonh7@livejournal.com,KS,620,Kansas
Chrystel,Allans,361-415-3566,callansh8@de.vu,TX,621,Texas
Isaiah,Weald,907-467-1726,iwealdh9@yellowbook.com,AK,622,Alaska
Balduin,Wenn,720-702-3937,bwennha@utexas.edu,CO,623,Colorado
Noelani,Madelin,402-295-6342,nmadelinhb@vinaora.com,NE,624,Nebraska
Cristie,Mounce,641-689-9350,cmouncehc@miitbeian.gov.cn,IA,625,Iowa
Franchot,Jest,212-474-6510,fjesthd@hao123.com,NY,626,New York
William,Mizzen,510-586-8772,wmizzenhe@dyndns.org,CA,627,California
Conrado,Gadaud,615-935-6617,cgadaudhf@vkontakte.ru,TN,628,Tennessee
Steffie,Beloe,410-532-6218,sbeloehg@pcworld.com,MD,629,Maryland
Kai,Dikle,972-217-0151,kdiklehh@surveymonkey.com,TX,630,Texas
Tynan,Huban,915-899-0264,thubanhi@mediafire.com,TX,631,Texas
Jonis,Byham,502-175-9271,jbyhamhj@hc360.com,KY,632,Kentucky
Micky,Lisciardelli,410-847-5829,mlisciardellihk@telegraph.co.uk,MD,633,Maryland
Colline,Tremayle,254-567-6142,ctremaylehl@constantcontact.com,TX,634,Texas
Percival,Southwick,805-147-4459,psouthwickhm@jugem.jp,CA,635,California
Harwilll,Sellor,801-272-5590,hsellorhn@reddit.com,UT,636,Utah
Vitia,Gilffillan,714-100-9927,vgilffillanho@pagesperso-orange.fr,CA,637,California
Homer,Petkovic,915-355-4358,hpetkovichp@usa.gov,TX,638,Texas
Javier,Hugueville,937-458-8084,jhuguevillehq@microsoft.com,OH,639,Ohio
Liliane,Lismer,210-323-8048,llismerhr@devhub.com,TX,640,Texas
Lynnett,Fairnie,404-434-5924,lfairniehs@jigsy.com,GA,641,Georgia
Addison,Smail,805-666-3955,asmailht@techcrunch.com,CA,642,California
Julianna,Huggin,212-338-0178,jhugginhu@scribd.com,NY,643,New York
Tedi,Rooksby,281-167-6922,trooksbyhv@msu.edu,TX,644,Texas
Nahum,Manhood,417-342-8201,nmanhoodhw@ycombinator.com,MO,645,Missouri
Kaye,McDowell,907-591-0418,kmcdowellhx@wordpress.org,AK,646,Alaska
Eldin,Moulsdale,801-883-4925,emoulsdalehy@a8.net,UT,647,Utah
Bobbi,Parsand,808-788-8205,bparsandhz@yale.edu,HI,648,Hawaii
Aurora,Borthe,216-862-8232,aborthei0@latimes.com,OH,649,Ohio
Ricardo,Brecon,602-773-7368,rbreconi1@gmpg.org,AZ,650,Arizona
Tate,Godspeede,803-937-2297,tgodspeedei2@alibaba.com,SC,651,South Carolina
Lyle,Tootal,562-279-2986,ltootali3@networksolutions.com,CA,652,California
Marla,Hanretty,402-676-6489,mhanrettyi4@51.la,NE,653,Nebraska
Lissa,Giacobo,941-568-4608,lgiacoboi5@php.net,FL,654,Florida
Sharl,Kilgrew,408-960-3913,skilgrewi6@zimbio.com,CA,655,California
Farlee,Hinrich,916-244-7271,fhinrichi7@myspace.com,CA,656,California
Chucho,Ivashnikov,210-543-2166,civashnikovi8@wired.com,TX,657,Texas
Gizela,Divers,816-179-8600,gdiversi9@last.fm,MO,658,Missouri
Geoff,Levis,240-552-5057,glevisia@weibo.com,MD,659,Maryland
Witty,Nutman,719-987-7895,wnutmanib@netscape.com,CO,660,Colorado
Sapphire,Moorerud,606-865-7796,smoorerudic@hugedomains.com,KY,661,Kentucky
Cloe,Ruf,407-741-6236,crufid@unicef.org,FL,662,Florida
Dudley,Skypp,951-719-5424,dskyppie@aboutads.info,CA,663,California
Lynne,Wildman,212-796-1156,lwildmanif@tmall.com,NY,664,New York
Barbabas,Powland,512-107-9336,bpowlandig@bluehost.com,TX,665,Texas
Leoine,Kennewell,405-789-4629,lkennewellih@boston.com,OK,666,Oklahoma
Willow,Vines,360-616-4569,wvinesii@fastcompany.com,WA,667,Washington
Felecia,Dealy,512-137-5358,fdealyij@deliciousdays.com,TX,668,Texas
Reinaldos,Boocock,786-682-4107,rboocockik@elpais.com,FL,669,Florida
Brena,Girardot,312-608-5848,bgirardotil@google.es,IL,670,Illinois
Jordana,Halt,484-323-0490,jhaltim@360.cn,PA,671,Pennsylvania
Erskine,Hewes,309-691-8991,ehewesin@amazon.com,IL,672,Illinois
Sibel,Sammonds,862-257-2601,ssammondsio@omniture.com,NJ,673,New Jersey
Conrad,Waind,423-638-7896,cwaindip@infoseek.co.jp,TN,674,Tennessee
Bibi,Mattinson,865-188-6045,bmattinsoniq@reddit.com,TN,675,Tennessee
Susanna,Swatradge,617-874-6064,sswatradgeir@meetup.com,MA,676,Massachusetts
Myrah,Hannabus,209-259-7350,mhannabusis@desdev.cn,CA,677,California
Joan,Paladino,775-719-3562,jpaladinoit@csmonitor.com,NV,678,Nevada
Mag,Santon,704-317-9643,msantoniu@issuu.com,NC,679,North Carolina
Vinita,Cicchitello,910-311-5734,vcicchitelloiv@youtu.be,NC,680,North Carolina
Jorrie,Kent,402-903-5108,jkentiw@goo.gl,NE,681,Nebraska
Diannne,Fenech,816-322-6572,dfenechix@youtu.be,MO,682,Missouri
Vinita,Screaton,414-557-4885,vscreatoniy@stanford.edu,WI,683,Wisconsin
Wyatt,Darridon,816-290-2807,wdarridoniz@wikimedia.org,MO,684,Missouri
Humfrey,Follett,386-911-1737,hfollettj0@nydailynews.com,FL,685,Florida
Sidonnie,Jukes,612-998-4843,sjukesj1@google.com.au,MN,686,Minnesota
Loria,Semmens,251-182-8449,lsemmensj2@opensource.org,AL,687,Alabama
Tirrell,Hadigate,334-843-3921,thadigatej3@wsj.com,AL,688,Alabama
Jaymie,Greste,865-962-7258,jgrestej4@irs.gov,TN,689,Tennessee
Goldia,Paggitt,281-551-7744,gpaggittj5@baidu.com,TX,690,Texas
Shoshanna,McIsaac,901-502-2614,smcisaacj6@cam.ac.uk,TN,691,Tennessee
Carissa,Dowding,914-602-2294,cdowdingj7@wordpress.org,NY,692,New York
Lay,Hankin,563-220-1788,lhankinj8@usatoday.com,IA,693,Iowa
Tarrance,Scotland,214-745-4237,tscotlandj9@ycombinator.com,TX,694,Texas
Imojean,Leat,915-691-4148,ileatja@uol.com.br,TX,695,Texas
Sigmund,Sparkes,806-701-0969,ssparkesjb@chicagotribune.com,TX,696,Texas
Simone,McLucas,786-237-4756,smclucasjc@homestead.com,FL,697,Florida
Deena,Smitton,615-313-6158,dsmittonjd@arstechnica.com,TN,698,Tennessee
Gabriellia,Longstreet,916-967-3493,glongstreetje@icio.us,CA,699,California
Neysa,Whalebelly,937-779-0062,nwhalebellyjf@liveinternet.ru,OH,700,Ohio
Benedetta,Lorincz,718-809-6739,blorinczjg@tumblr.com,NY,701,New York
Missy,Itter,703-264-1158,mitterjh@symantec.com,DC,702,District of Columbia
Hillard,Carlon,949-897-4602,hcarlonji@marriott.com,CA,703,California
Margarethe,Roiz,336-842-5028,mroizjj@deviantart.com,NC,704,North Carolina
Benson,Griswood,303-564-7105,bgriswoodjk@cbslocal.com,CO,705,Colorado
Vasily,Kilner,404-924-2247,vkilnerjl@va.gov,GA,706,Georgia
Thebault,Stannering,304-286-4912,tstanneringjm@cbc.ca,WV,707,West Virginia
Nananne,Fuxman,559-275-0233,nfuxmanjn@surveymonkey.com,CA,708,California
Bartholemy,Redier,682-124-8754,bredierjo@digg.com,TX,709,Texas
Freida,Camelli,404-610-9354,fcamellijp@epa.gov,GA,710,Georgia
Marylynne,O'Mara,303-606-5078,momarajq@dropbox.com,CO,711,Colorado
Casie,Janton,309-887-1377,cjantonjr@ed.gov,IL,712,Illinois
Gabbie,Faichney,817-121-3958,gfaichneyjs@weather.com,TX,713,Texas
Ashlan,Bower,864-641-5754,abowerjt@ifeng.com,SC,714,South Carolina
Bradley,Howsley,314-496-6753,bhowsleyju@google.com.hk,MO,715,Missouri
Meade,Ambroz,202-812-9601,mambrozjv@tinyurl.com,DC,716,District of Columbia
Gallard,Swayton,512-697-8626,gswaytonjw@163.com,TX,717,Texas
Jacky,Balsillie,850-750-2324,jbalsilliejx@usa.gov,FL,718,Florida
Job,Buie,704-621-1963,jbuiejy@zdnet.com,NC,719,North Carolina
Carce,Hrachovec,267-738-1282,chrachovecjz@cargocollective.com,PA,720,Pennsylvania
Kaspar,How,313-167-3591,khowk0@youku.com,MI,721,Michigan
Dame,Silverstone,325-761-6155,dsilverstonek1@hud.gov,TX,722,Texas
Cookie,Josipovitz,678-584-5189,cjosipovitzk2@multiply.com,GA,723,Georgia
Alfi,Parkey,213-688-1379,aparkeyk3@behance.net,CA,724,California
Artemus,Carlesi,717-919-8915,acarlesik4@hibu.com,PA,725,Pennsylvania
Lilah,Talloe,816-127-3343,ltalloek5@wikispaces.com,MO,726,Missouri
Arel,Twinbourne,214-315-4703,atwinbournek6@berkeley.edu,TX,727,Texas
Pat,Jacox,760-145-2409,pjacoxk7@mtv.com,CA,728,California
Nadine,Lomond,513-388-4010,nlomondk8@npr.org,OH,729,Ohio
Cole,Linsay,215-591-8739,clinsayk9@networkadvertising.org,PA,730,Pennsylvania
Jaquith,Zammitt,408-815-8699,jzammittka@jalbum.net,CA,731,California
Mead,Earwicker,502-722-3556,mearwickerkb@go.com,KY,732,Kentucky
Rhodia,Mallabar,559-352-5918,rmallabarkc@oaic.gov.au,CA,733,California
Kati,Truss,515-217-9800,ktrusskd@imdb.com,IA,734,Iowa
Syd,Avramovic,915-432-9789,savramovicke@cocolog-nifty.com,TX,735,Texas
Cordie,Bradburn,510-646-3140,cbradburnkf@list-manage.com,CA,736,California
Beauregard,Filippo,949-144-6295,bfilippokg@columbia.edu,CA,737,California
Rancell,Mellows,513-570-0826,rmellowskh@skyrock.com,OH,738,Ohio
Frazier,Beushaw,915-214-8167,fbeushawki@symantec.com,TX,739,Texas
Elliot,Kitney,818-143-0736,ekitneykj@usa.gov,CA,740,California
Anabella,Peyes,314-165-5167,apeyeskk@skype.com,MO,741,Missouri
Cristal,Twelve,216-420-1478,ctwelvekl@marketwatch.com,OH,742,Ohio
Uta,O'Sheils,202-781-7671,uosheilskm@wufoo.com,DC,743,District of Columbia
Boris,O'Curran,608-864-1983,bocurrankn@sciencedaily.com,WI,744,Wisconsin
Kelby,Gue,646-570-3743,kgueko@clickbank.net,NY,745,New York
Brad,Edlin,765-737-4143,bedlinkp@ameblo.jp,IN,746,Indiana
Gris,Extance,305-809-2705,gextancekq@ucsd.edu,FL,747,Florida
Ella,Surman-Wells,803-822-2759,esurmanwellskr@163.com,SC,748,South Carolina
Lucita,Jardin,601-493-0081,ljardinks@ftc.gov,MS,749,Mississippi
Ezmeralda,Norway,412-262-4153,enorwaykt@4shared.com,PA,750,Pennsylvania
Kaitlynn,Ferencz,505-877-8333,kferenczku@cyberchimps.com,NM,751,New Mexico
Micky,Cready,907-928-2049,mcreadykv@admin.ch,AK,752,Alaska
Odetta,Jurgensen,412-501-7795,ojurgensenkw@apple.com,PA,753,Pennsylvania
Nevsa,Crutchley,985-584-6377,ncrutchleykx@skyrock.com,LA,754,Louisiana
Inessa,Vsanelli,801-893-8987,ivsanelliky@technorati.com,UT,755,Utah
Lemar,Martonfi,304-216-6245,lmartonfikz@goo.ne.jp,WV,756,West Virginia
Leland,Ghost,212-220-2522,lghostl0@ucoz.ru,NY,757,New York
Tann,Winson,763-281-3875,twinsonl1@wp.com,MN,758,Minnesota
Cross,Davydoch,843-180-2895,cdavydochl2@umich.edu,SC,759,South Carolina
Desiree,Dubble,248-492-5367,ddubblel3@nifty.com,MI,760,Michigan
King,Rochell,234-169-9914,krochelll4@craigslist.org,OH,761,Ohio
Fraze,Rupert,404-489-5576,frupertl5@gov.uk,GA,762,Georgia
Shari,Perocci,330-481-3360,speroccil6@paypal.com,OH,763,Ohio
Paxon,Body,917-410-0356,pbodyl7@icq.com,NY,764,New York
Wilhelmina,Josephi,701-383-3793,wjosephil8@google.com.br,ND,765,North Dakota
Eustacia,Caulcott,225-727-7156,ecaulcottl9@abc.net.au,LA,766,Louisiana
Ruthe,Praundl,501-613-4538,rpraundlla@eventbrite.com,AR,767,Arkansas
Nataline,Macewan,540-320-1508,nmacewanlb@simplemachines.org,VA,768,Virginia
Janie,Petrello,256-200-6402,jpetrellolc@posterous.com,AL,769,Alabama
Pauline,Jotcham,626-136-6373,pjotchamld@tumblr.com,CA,770,California
Hatty,Lethbridge,281-669-7505,hlethbridgele@sina.com.cn,TX,771,Texas
Man,Passby,828-710-1068,mpassbylf@parallels.com,NC,772,North Carolina
Nita,Broomfield,619-803-5473,nbroomfieldlg@yandex.ru,CA,773,California
Lara,Dredge,626-559-8399,ldredgelh@cdc.gov,CA,774,California
Jennee,Mattiello,518-176-9645,jmattielloli@adobe.com,NY,775,New York
Larisa,Dumphrey,641-826-8602,ldumphreylj@wp.com,IA,776,Iowa
Dotti,Petrasch,410-461-5424,dpetraschlk@jimdo.com,MD,777,Maryland
Auberta,Dods,720-191-6250,adodsll@latimes.com,CO,778,Colorado
Martelle,Pountney,952-704-6106,mpountneylm@dailymail.co.uk,MN,779,Minnesota
Warren,Mendel,864-428-1359,wmendelln@eepurl.com,SC,780,South Carolina
Vidovic,Gudger,515-508-0853,vgudgerlo@linkedin.com,IA,781,Iowa
Gaspar,Halling,574-494-2572,ghallinglp@arizona.edu,IN,782,Indiana
Nelly,Leonard,951-461-6968,nleonardlq@ycombinator.com,CA,783,California
Chicky,Takle,304-492-6952,ctaklelr@cnbc.com,WV,784,West Virginia
Karylin,Lockley,512-453-5419,klockleyls@imdb.com,TX,785,Texas
Averyl,Dimock,508-720-6279,adimocklt@mlb.com,MA,786,Massachusetts
Rodolfo,Domenichelli,215-400-0486,rdomenichellilu@imageshack.us,PA,787,Pennsylvania
Clari,Francesch,713-159-5135,cfranceschlv@1688.com,TX,788,Texas
Harriett,Gilling,210-683-7071,hgillinglw@craigslist.org,TX,789,Texas
Aron,Hearl,954-730-3353,ahearllx@nps.gov,FL,790,Florida
Berenice,Websdale,954-299-6250,bwebsdalely@hexun.com,FL,791,Florida
Talya,Spieck,720-557-3941,tspiecklz@wordpress.com,CO,792,Colorado
Kingsley,Wrout,702-601-2937,kwroutm0@illinois.edu,NV,793,Nevada
Florance,Slimme,305-924-5606,fslimmem1@acquirethisname.com,FL,794,Florida
Horace,Starbeck,305-407-5110,hstarbeckm2@myspace.com,FL,795,Florida
Ruthanne,Roistone,601-970-2882,rroistonem3@mediafire.com,MS,796,Mississippi
Avivah,Winslett,843-198-1588,awinslettm4@mediafire.com,SC,797,South Carolina
Nicolis,Teece,817-223-5332,nteecem5@sourceforge.net,TX,798,Texas
Karil,Smewing,515-275-7730,ksmewingm6@narod.ru,IA,799,Iowa
Manya,Rasmus,619-827-0627,mrasmusm7@livejournal.com,CA,800,California
Octavius,Grunson,404-412-7248,ogrunsonm8@accuweather.com,GA,801,Georgia
Karlik,Kempshall,317-814-8129,kkempshallm9@google.com.br,IN,802,Indiana
Zara,Traylen,814-433-9414,ztraylenma@senate.gov,PA,803,Pennsylvania
Ashley,Halpeine,559-890-8069,ahalpeinemb@fastcompany.com,CA,804,California
Raymund,Bjerkan,602-776-4396,rbjerkanmc@sina.com.cn,AZ,805,Arizona
Eleonora,Seamen,754-437-7502,eseamenmd@wikipedia.org,FL,806,Florida
Lloyd,Harrap,302-270-1986,lharrapme@shop-pro.jp,DE,807,Delaware
Aurea,Firmager,951-258-7878,afirmagermf@wix.com,CA,808,California
Noni,McCourtie,815-357-1362,nmccourtiemg@booking.com,IL,809,Illinois
Nickolai,Cicutto,305-986-7017,ncicuttomh@cdc.gov,FL,810,Florida
Dierdre,Waskett,520-243-9097,dwaskettmi@topsy.com,AZ,811,Arizona
Anna-diana,Saull,865-974-4000,asaullmj@addtoany.com,TN,812,Tennessee
Bastien,Gulvin,561-323-2728,bgulvinmk@smugmug.com,FL,813,Florida
Thayne,Amery,605-783-2165,tameryml@addtoany.com,SD,814,South Dakota
Delcina,Blondin,734-193-5815,dblondinmm@umich.edu,MI,815,Michigan
Kelcy,Bertin,813-786-8517,kbertinmn@godaddy.com,FL,816,Florida
Newton,Mildmott,716-360-3454,nmildmottmo@prlog.org,NY,817,New York
Micheil,Blazic,816-961-8858,mblazicmp@oracle.com,MO,818,Missouri
Venus,Fairy,251-780-8775,vfairymq@ocn.ne.jp,AL,819,Alabama
Weber,Davenell,318-206-5885,wdavenellmr@bandcamp.com,LA,820,Louisiana
Millisent,Stainsby,571-487-8692,mstainsbyms@myspace.com,VA,821,Virginia
Maximo,Castaneda,901-810-7444,mcastanedamt@ox.ac.uk,TN,822,Tennessee
Devin,Gaspar,254-524-0656,dgasparmu@tripod.com,TX,823,Texas
Muhammad,Meaders,718-320-5002,mmeadersmv@shutterfly.com,NY,824,New York
Gregg,Shortall,816-245-4148,gshortallmw@tripod.com,MO,825,Missouri
Sharline,Cotilard,682-707-5669,scotilardmx@google.ca,TX,826,Texas
Hannis,Simeonov,415-870-2370,hsimeonovmy@shareasale.com,CA,827,California
Debor,McVee,502-123-8565,dmcveemz@xing.com,KY,828,Kentucky
Cly,Malpas,317-115-9601,cmalpasn0@etsy.com,IN,829,Indiana
Marcia,Aronstam,202-249-7705,maronstamn1@reference.com,DC,830,District of Columbia
Any,Spender,863-366-2426,aspendern2@mayoclinic.com,FL,831,Florida
Munmro,Kinglake,646-564-9751,mkinglaken3@soundcloud.com,NY,832,New York
Griz,Cisson,757-439-0025,gcissonn4@bloglines.com,VA,833,Virginia
Jocko,Hilhouse,843-965-0328,jhilhousen5@acquirethisname.com,SC,834,South Carolina
Shaw,Clemente,561-152-3119,sclementen6@usda.gov,FL,835,Florida
Felisha,Brocklehurst,806-110-4532,fbrocklehurstn7@netvibes.com,TX,836,Texas
Lydie,Spencer,253-218-0518,lspencern8@g.co,WA,837,Washington
Gabi,Mulbry,847-929-8086,gmulbryn9@sfgate.com,IL,838,Illinois
Nehemiah,Powland,571-936-5370,npowlandna@psu.edu,VA,839,Virginia
Eliot,Tallant,410-393-5446,etallantnb@free.fr,MD,840,Maryland
Nerissa,Smowton,502-754-7937,nsmowtonnc@w3.org,KY,841,Kentucky
Loydie,Langhorne,480-860-4897,llanghornend@ucoz.ru,AZ,842,Arizona
Penelopa,Ivett,913-976-2134,pivettne@ocn.ne.jp,KS,843,Kansas
Ariel,Eadmeads,918-682-1441,aeadmeadsnf@bloomberg.com,OK,844,Oklahoma
Elnore,Orpin,310-288-0361,eorpinng@hibu.com,CA,845,California
Flori,Elgar,626-790-3868,felgarnh@chicagotribune.com,CA,846,California
Jeniece,Garnul,773-310-4710,jgarnulni@cdbaby.com,IL,847,Illinois
Krysta,Stoade,302-192-5955,kstoadenj@redcross.org,DE,848,Delaware
Kassey,Kingshott,609-795-2693,kkingshottnk@nhs.uk,NJ,849,New Jersey
Isabel,Oldaker,717-827-6703,ioldakernl@ibm.com,PA,850,Pennsylvania
Maggee,Hallihan,609-775-8101,mhallihannm@phoca.cz,NJ,851,New Jersey
Othello,Tuckwood,603-641-2935,otuckwoodnn@mtv.com,NH,852,New Hampshire
Bud,Rhule,718-984-8247,brhuleno@marketwatch.com,NY,853,New York
Trevor,Ellif,806-318-4511,tellifnp@xinhuanet.com,TX,854,Texas
Helen-elizabeth,Zapatero,862-438-8614,hzapateronq@walmart.com,NJ,855,New Jersey
Phil,Dimmick,402-590-8534,pdimmicknr@bandcamp.com,NE,856,Nebraska
Hank,Flinn,585-826-5051,hflinnns@goo.gl,NY,857,New York
Davidson,Threadgould,316-429-8565,dthreadgouldnt@cargocollective.com,KS,858,Kansas
Harriot,Paprotny,402-516-6152,hpaprotnynu@opera.com,NE,859,Nebraska
Gerhardt,Chitter,626-263-6462,gchitternv@so-net.ne.jp,CA,860,California
Tracy,Habden,330-737-8977,thabdennw@arizona.edu,OH,861,Ohio
Aprilette,Rothert,706-433-3439,arothertnx@issuu.com,GA,862,Georgia
Coleman,Hallad,215-544-6489,challadny@mac.com,PA,863,Pennsylvania
Phillie,Seabridge,303-348-1421,pseabridgenz@bravesites.com,CO,864,Colorado
Port,Gallatly,808-447-1869,pgallatlyo0@wiley.com,HI,865,Hawaii
Marta,Wiggans,415-607-3307,mwigganso1@go.com,CA,866,California
Locke,Monkhouse,773-279-3471,lmonkhouseo2@reuters.com,IL,867,Illinois
Alexi,Timoney,775-353-1396,atimoneyo3@icq.com,NV,868,Nevada
Nicolais,Fonzo,802-993-6883,nfonzoo4@google.com.hk,VT,869,Vermont
Ario,Heading,608-846-8591,aheadingo5@chronoengine.com,WI,870,Wisconsin
Wilie,Trill,847-370-6663,wtrillo6@sbwire.com,IL,871,Illinois
Pincus,Cooch,317-114-2207,pcoocho7@devhub.com,IN,872,Indiana
Zebedee,Van Der Hoog,515-841-9278,zvanderhoogo8@wsj.com,IA,873,Iowa
Bevan,Eastbrook,973-624-3562,beastbrooko9@admin.ch,NJ,874,New Jersey
Chilton,Laverenz,801-144-7670,claverenzoa@forbes.com,UT,875,Utah
Erastus,Vick,212-112-6650,evickob@wikispaces.com,NY,876,New York
Tricia,Langshaw,662-710-7126,tlangshawoc@gnu.org,MS,877,Mississippi
Cristi,Gossage,614-488-2009,cgossageod@wunderground.com,OH,878,Ohio
Giles,Sarjent,208-368-4225,gsarjentoe@samsung.com,ID,879,Idaho
Yolande,Fenelow,251-693-7763,yfenelowof@si.edu,AL,880,Alabama
Fowler,Pocock,412-248-8151,fpocockog@tripod.com,PA,881,Pennsylvania
Suzi,Rittelmeyer,206-529-7994,srittelmeyeroh@biblegateway.com,WA,882,Washington
Kinsley,Woods,312-976-4211,kwoodsoi@dailymotion.com,IL,883,Illinois
Killy,Bartlet,301-552-9040,kbartletoj@fc2.com,MD,884,Maryland
Sancho,Motion,216-409-9622,smotionok@google.nl,OH,885,Ohio
Hedwig,Pauli,917-427-5946,hpauliol@usatoday.com,NY,886,New York
Carlie,Hedney,-920-5755,chedneyom@typepad.com,PA,887,Pennsylvania
Natty,Szubert,619-669-7774,nszuberton@flavors.me,CA,888,California
Sherm,Shufflebotham,917-378-7014,sshufflebothamoo@wp.com,NY,889,New York
Milly,Amar,562-131-8046,mamarop@skyrock.com,CA,890,California
Brooke,Janeczek,801-913-9191,bjaneczekoq@yahoo.com,UT,891,Utah
Monroe,Northway,517-508-2523,mnorthwayor@timesonline.co.uk,MI,892,Michigan
Hernando,Giannotti,248-911-2198,hgiannottios@fotki.com,MI,893,Michigan
Remus,Taree,316-528-0733,rtareeot@independent.co.uk,KS,894,Kansas
Darci,Karpman,806-871-9397,dkarpmanou@cisco.com,TX,895,Texas
Nada,Brigstock,205-875-8413,nbrigstockov@shop-pro.jp,AL,896,Alabama
Kelwin,Brattell,480-572-6077,kbrattellow@springer.com,AZ,897,Arizona
Kirk,O' Timony,212-874-7199,kotimonyox@umn.edu,NY,898,New York
Rinaldo,Bebis,305-227-3725,rbebisoy@cnbc.com,FL,899,Florida
Ferdinande,Crosskill,404-168-2859,fcrosskilloz@independent.co.uk,GA,900,Georgia
Guthry,Hibbart,702-479-3666,ghibbartp0@liveinternet.ru,NV,901,Nevada
Wilbert,Ivanonko,601-466-5155,wivanonkop1@washingtonpost.com,MS,902,Mississippi
Janie,Lehemann,801-891-7198,jlehemannp2@vinaora.com,UT,903,Utah
Drucie,Houlridge,609-159-9401,dhoulridgep3@harvard.edu,NJ,904,New Jersey
Homer,L'oiseau,864-985-5888,hloiseaup4@wufoo.com,SC,905,South Carolina
Mirilla,Atmore,727-449-3209,matmorep5@state.gov,FL,906,Florida
Una,Pyett,727-415-1557,upyettp6@home.pl,FL,907,Florida
Sofia,Lidgley,414-436-8500,slidgleyp7@engadget.com,WI,908,Wisconsin
Thaddeus,Wiseman,269-537-3270,twisemanp8@wix.com,MI,909,Michigan
Micah,Ellinor,303-894-6419,mellinorp9@icq.com,CO,910,Colorado
Nichole,Geator,323-270-6279,ngeatorpa@cam.ac.uk,CA,911,California
Rochella,Jarmain,212-582-2356,rjarmainpb@pagesperso-orange.fr,NY,912,New York
Tedda,McColl,860-712-1624,tmccollpc@deliciousdays.com,CT,913,Connecticut
Anallise,Cana,586-108-0768,acanapd@nba.com,MI,914,Michigan
Marja,Cowdroy,713-356-9538,mcowdroype@dyndns.org,TX,915,Texas
Davine,Sorel,571-597-9856,dsorelpf@msu.edu,VA,916,Virginia
Jaynell,Gueste,216-209-9152,jguestepg@macromedia.com,OH,917,Ohio
Burt,Yukhnev,706-290-7920,byukhnevph@networkadvertising.org,GA,918,Georgia
Hakeem,Ship,907-164-6756,hshippi@netlog.com,AK,919,Alaska
Caralie,Simison,304-398-9255,csimisonpj@rakuten.co.jp,WV,920,West Virginia
Thalia,Clowton,801-585-1765,tclowtonpk@dropbox.com,UT,921,Utah
Larissa,Phipp,352-903-7639,lphipppl@diigo.com,FL,922,Florida
Blinni,Gaffer,910-100-9898,bgafferpm@bloglines.com,NC,923,North Carolina
Genevra,Simchenko,502-169-5151,gsimchenkopn@mapy.cz,KY,924,Kentucky
Melissa,Bontein,815-481-6391,mbonteinpo@stumbleupon.com,IL,925,Illinois
Reyna,Kinglake,661-228-3259,rkinglakepp@fema.gov,CA,926,California
Celie,Caizley,915-940-2834,ccaizleypq@dyndns.org,TX,927,Texas
Dennison,Biskupek,915-807-8670,dbiskupekpr@shutterfly.com,TX,928,Texas
Kleon,Sugars,915-525-1481,ksugarsps@google.com,TX,929,Texas
Pablo,Shafier,682-792-3144,pshafierpt@comcast.net,TX,930,Texas
Fred,Ridout,773-496-9211,fridoutpu@amazonaws.com,IL,931,Illinois
Cyndia,Layson,630-402-3356,claysonpv@chronoengine.com,IL,932,Illinois
Eddi,Westlake,469-820-7005,ewestlakepw@e-recht24.de,TX,933,Texas
Granville,Highnam,206-706-6990,ghighnampx@edublogs.org,WA,934,Washington
Aimee,Zanre,704-300-7131,azanrepy@360.cn,NC,935,North Carolina
Truman,Beadnall,512-946-5586,tbeadnallpz@tumblr.com,TX,936,Texas
Fidelio,Collyns,502-770-5467,fcollynsq0@netvibes.com,KY,937,Kentucky
Selina,Burgane,818-601-2789,sburganeq1@taobao.com,CA,938,California
Thorvald,Urion,605-967-5670,turionq2@t-online.de,SD,939,South Dakota
Theobald,Liepmann,303-420-9672,tliepmannq3@ted.com,CO,940,Colorado
Emelita,Stebbings,502-829-0927,estebbingsq4@foxnews.com,KY,941,Kentucky
Cortney,Swanson,973-210-4017,cswansonq5@digg.com,NJ,942,New Jersey
Brantley,Mates,303-976-7968,bmatesq6@gnu.org,CO,943,Colorado
Blancha,Jenkison,209-783-3654,bjenkisonq7@jimdo.com,CA,944,California
Marianne,Ayshford,203-581-1728,mayshfordq8@ycombinator.com,CT,945,Connecticut
Kynthia,Knowling,806-476-2022,kknowlingq9@cbslocal.com,TX,946,Texas
Loreen,Grubey,425-841-3734,lgrubeyqa@gov.uk,WA,947,Washington
Rozanne,Bernon,309-689-8095,rbernonqb@unesco.org,IL,948,Illinois
Byron,Eglise,608-838-6405,begliseqc@freewebs.com,WI,949,Wisconsin
Herculie,Butler-Bowdon,-577-2449,hbutlerbowdonqd@alexa.com,PA,950,Pennsylvania
Keely,Tomankiewicz,918-524-7667,ktomankiewiczqe@npr.org,OK,951,Oklahoma
Kingsley,Machent,571-207-1242,kmachentqf@google.cn,VA,952,Virginia
Barbra,Penkethman,352-929-3028,bpenkethmanqg@usa.gov,FL,953,Florida
Marlo,Cossey,239-464-3869,mcosseyqh@feedburner.com,FL,954,Florida
Krissy,Pieche,216-745-8612,kpiecheqi@goo.ne.jp,OH,955,Ohio
Ursala,Barke,203-589-7485,ubarkeqj@yandex.ru,CT,956,Connecticut
Paxton,Derycot,571-948-8198,pderycotqk@taobao.com,VA,957,Virginia
Nydia,Rustan,901-895-2514,nrustanql@eepurl.com,TN,958,Tennessee
Meggi,Ockleshaw,954-372-2348,mockleshawqm@discovery.com,FL,959,Florida
Miner,Schimonek,312-447-8864,mschimonekqn@baidu.com,IL,960,Illinois
Doti,Paxman,202-630-2886,dpaxmanqo@nasa.gov,DC,961,District of Columbia
Elisabeth,Denniss,202-549-1754,edennissqp@over-blog.com,DC,962,District of Columbia
Bert,Cranage,561-800-4451,bcranageqq@phoca.cz,FL,963,Florida
Katie,Runcieman,804-895-9383,krunciemanqr@issuu.com,VA,964,Virginia
Sherye,Chree,404-869-4578,schreeqs@va.gov,GA,965,Georgia
Darby,Revill,786-497-0575,drevillqt@squarespace.com,FL,966,Florida
Norry,Nathan,316-158-4880,nnathanqu@ft.com,KS,967,Kansas
Mathe,Pidgeley,415-756-9630,mpidgeleyqv@list-manage.com,CA,968,California
Sascha,Cunniff,305-846-9864,scunniffqw@quantcast.com,FL,969,Florida
Angie,Stoke,281-658-9625,astokeqx@xrea.com,TX,970,Texas
Pablo,Marre,907-322-1460,pmarreqy@comcast.net,AK,971,Alaska
Yasmeen,Handke,434-323-5076,yhandkeqz@networksolutions.com,VA,972,Virginia
Tirrell,Kuzemka,713-483-9966,tkuzemkar0@telegraph.co.uk,TX,973,Texas
Jereme,Carolan,213-697-2227,jcarolanr1@blogtalkradio.com,CA,974,California
Euphemia,Orpin,801-520-1817,eorpinr2@g.co,UT,975,Utah
Sherye,Baldrick,858-821-4145,sbaldrickr3@github.com,CA,976,California
Ferris,Hawksby,410-900-9766,fhawksbyr4@amazon.de,MD,977,Maryland
Anatola,Oldknowe,504-382-2386,aoldknower5@sourceforge.net,LA,978,Louisiana
Aliza,Minshall,412-969-4417,aminshallr6@uol.com.br,PA,979,Pennsylvania
Coretta,Quantrell,303-516-5862,cquantrellr7@indiatimes.com,CO,980,Colorado
Barrie,Drabble,812-506-8072,bdrabbler8@thetimes.co.uk,IN,981,Indiana
Norman,Copplestone,313-699-1871,ncopplestoner9@spiegel.de,MI,982,Michigan
Shauna,Macellar,502-171-3373,smacellarra@1688.com,KY,983,Kentucky
Alphard,Lougheed,312-295-8007,alougheedrb@chronoengine.com,IL,984,Illinois
Atlanta,Karpmann,404-180-1137,akarpmannrc@google.cn,GA,985,Georgia
Mitchell,Dobney,260-852-2669,mdobneyrd@1688.com,IN,986,Indiana
Perle,Kardos,801-399-6381,pkardosre@people.com.cn,UT,987,Utah
Ariela,Utridge,540-134-6455,autridgerf@google.co.jp,VA,988,Virginia
Hestia,Jacklings,801-987-3188,hjacklingsrg@wired.com,UT,989,Utah
Gary,Mosedale,313-108-5492,gmosedalerh@vistaprint.com,MI,990,Michigan
Quincy,McGifford,302-980-6255,qmcgiffordri@lycos.com,DE,991,Delaware
Hammad,Cheverton,813-142-6106,hchevertonrj@princeton.edu,FL,992,Florida
Maynard,Clutterbuck,605-686-5532,mclutterbuckrk@loc.gov,SD,993,South Dakota
Douglas,Power,952-666-0610,dpowerrl@vkontakte.ru,MN,994,Minnesota
Arleta,Texton,971-679-7987,atextonrm@netscape.com,OR,995,Oregon
Valene,Pogson,402-362-7658,vpogsonrn@hugedomains.com,NE,996,Nebraska
Prescott,Heims,423-753-6694,pheimsro@mozilla.org,TN,997,Tennessee
Park,Lomas,603-754-6229,plomasrp@mapquest.com,NH,998,New Hampshire
Seamus,Ollarenshaw,570-488-4405,sollarenshawrq@indiegogo.com,PA,999,Pennsylvania
Morey,Crouse,304-759-6323,mcrouserr@goo.gl,WV,1000,West Virginia
